{
  "prompts_used": 6,
  "total_matches_legacy": 60,
  "total_matches_deep_no_need": 60,
  "total_matches_deep_with_need": 60,
  "overall": {
    "legacy": {
      "relevance_score": {
        "mean": 0.6890245788875168,
        "std": 0.02115191537472868,
        "min": 0.6544494586931638,
        "max": 0.7514641614347086,
        "median": 0.6868918606093385,
        "n": 60
      },
      "exhibition_similarity": {
        "mean": 0.6768891581404934,
        "std": 0.04540106940715595,
        "min": 0.581222620606424,
        "max": 0.7976345276447844,
        "median": 0.6781406841724376,
        "n": 60
      },
      "query_similarity": {
        "mean": 0.691766873431502,
        "std": 0.023890684404382138,
        "min": 0.6423846884799966,
        "max": 0.7480815196238769,
        "median": 0.6923841068275804,
        "n": 60
      }
    },
    "deep_no_need": {
      "relevance_score": {
        "mean": 0.7567147357201865,
        "std": 0.041707447876093505,
        "min": 0.6762334568972976,
        "max": 0.8914628020406005,
        "median": 0.7537904442901173,
        "n": 60
      },
      "exhibition_similarity": {
        "mean": 0.6939014424861694,
        "std": 0.037423423536433395,
        "min": 0.6089310503094455,
        "max": 0.7976345276447844,
        "median": 0.6877091575881616,
        "n": 60
      },
      "query_similarity": {
        "mean": 0.6837510576453562,
        "std": 0.027935053632100353,
        "min": 0.6027797591127548,
        "max": 0.747959516704534,
        "median": 0.6829310098596211,
        "n": 60
      }
    },
    "deep_with_need": {
      "relevance_score": {
        "mean": 0.756881184145496,
        "std": 0.041401579480324045,
        "min": 0.6787183666230916,
        "max": 0.8886169501940802,
        "median": 0.7539579987433149,
        "n": 60
      },
      "exhibition_similarity": {
        "mean": 0.6940276668503482,
        "std": 0.037354808311596356,
        "min": 0.6114159600352395,
        "max": 0.7947824143137068,
        "median": 0.6853410364205186,
        "n": 60
      },
      "query_similarity": {
        "mean": 0.6838046897268638,
        "std": 0.027569088241445168,
        "min": 0.6028007857145902,
        "max": 0.7479678081730227,
        "median": 0.682920312130948,
        "n": 60
      }
    }
  },
  "per_prompt": [
    {
      "prompt": "What do we have that pairs with Eternal Sunshine of the Spotless Mind?",
      "n_legacy": 10,
      "n_deep_no_need": 10,
      "n_deep_with_need": 10,
      "legacy": {
        "relevance_score": {
          "mean": 0.6900894621591005,
          "std": 0.004096070537858716,
          "min": 0.6846972672832763,
          "max": 0.6997521091606409,
          "median": 0.6892881177024192,
          "n": 10
        },
        "exhibition_similarity": {
          "mean": 0.6755334879625446,
          "std": 0.042551163674645794,
          "min": 0.612733725805522,
          "max": 0.765360349955118,
          "median": 0.6695415781275476,
          "n": 10
        },
        "query_similarity": {
          "mean": 0.6937284557082395,
          "std": 0.006952754862972392,
          "min": 0.6806864730874951,
          "max": 0.7026881526527149,
          "median": 0.6937438860094234,
          "n": 10
        }
      },
      "deep_no_need": {
        "relevance_score": {
          "mean": 0.7634241511718718,
          "std": 0.024619440062675742,
          "min": 0.7405937767229419,
          "max": 0.8278889332696441,
          "median": 0.754267192794603,
          "n": 10
        },
        "exhibition_similarity": {
          "mean": 0.7024373548447898,
          "std": 0.025539510920303595,
          "min": 0.6775991384693762,
          "max": 0.765360349955118,
          "median": 0.694678036268602,
          "n": 10
        },
        "query_similarity": {
          "mean": 0.6813157284361095,
          "std": 0.011067595667878922,
          "min": 0.6571982076456535,
          "max": 0.6959356110852277,
          "median": 0.6823063198027215,
          "n": 10
        }
      },
      "deep_with_need": {
        "relevance_score": {
          "mean": 0.7616443341116624,
          "std": 0.0264557534044324,
          "min": 0.7358826753095455,
          "max": 0.8296138470931971,
          "median": 0.7521993212950422,
          "n": 10
        },
        "exhibition_similarity": {
          "mean": 0.6979546794326646,
          "std": 0.02762523328638547,
          "min": 0.6662492158963623,
          "max": 0.7671013103716809,
          "median": 0.6874834632439342,
          "n": 10
        },
        "query_similarity": {
          "mean": 0.6849195395719967,
          "std": 0.007988016367997794,
          "min": 0.6709229393660627,
          "max": 0.6959369655746809,
          "median": 0.6843009299900399,
          "n": 10
        }
      }
    },
    {
      "prompt": "Something dark and existential for current exhibitions.",
      "n_legacy": 10,
      "n_deep_no_need": 10,
      "n_deep_with_need": 10,
      "legacy": {
        "relevance_score": {
          "mean": 0.6637073031132137,
          "std": 0.008831504063916898,
          "min": 0.6544494586931638,
          "max": 0.6823872957355641,
          "median": 0.6613630509850692,
          "n": 10
        },
        "exhibition_similarity": {
          "mean": 0.6594300496924863,
          "std": 0.04506388541994419,
          "min": 0.581222620606424,
          "max": 0.7198326658593803,
          "median": 0.6533358668433176,
          "n": 10
        },
        "query_similarity": {
          "mean": 0.6649849242648596,
          "std": 0.014608486488974467,
          "min": 0.6423846884799966,
          "max": 0.6920163304696043,
          "median": 0.6588609943488828,
          "n": 10
        }
      },
      "deep_no_need": {
        "relevance_score": {
          "mean": 0.731769895678949,
          "std": 0.020765819102460913,
          "min": 0.7051659883181304,
          "max": 0.7656841558286273,
          "median": 0.7242728185816791,
          "n": 10
        },
        "exhibition_similarity": {
          "mean": 0.6965548650697333,
          "std": 0.03117016107278721,
          "min": 0.6501509620607342,
          "max": 0.7635993364940611,
          "median": 0.6951080610131801,
          "n": 10
        },
        "query_similarity": {
          "mean": 0.6469533741456208,
          "std": 0.025774063347219885,
          "min": 0.6027797591127548,
          "max": 0.6920163304696043,
          "median": 0.6474860652849234,
          "n": 10
        }
      },
      "deep_with_need": {
        "relevance_score": {
          "mean": 0.7323456177961516,
          "std": 0.02112061946545019,
          "min": 0.7052024549072655,
          "max": 0.7668094257150011,
          "median": 0.7257644125971034,
          "n": 10
        },
        "exhibition_similarity": {
          "mean": 0.6971217803514673,
          "std": 0.031448463083951925,
          "min": 0.6501509620607342,
          "max": 0.7647088364290585,
          "median": 0.6960499079618954,
          "n": 10
        },
        "query_similarity": {
          "mean": 0.6469651165929124,
          "std": 0.02577533201924702,
          "min": 0.6028007857145902,
          "max": 0.6920580747884637,
          "median": 0.6474972482273678,
          "n": 10
        }
      }
    },
    {
      "prompt": "Best library matches for what's showing at American Cinematheque.",
      "n_legacy": 10,
      "n_deep_no_need": 10,
      "n_deep_with_need": 10,
      "legacy": {
        "relevance_score": {
          "mean": 0.6788564857989337,
          "std": 0.011237353676303736,
          "min": 0.6670943262449478,
          "max": 0.7096522954931337,
          "median": 0.6751372860300981,
          "n": 10
        },
        "exhibition_similarity": {
          "mean": 0.6921147095697142,
          "std": 0.03476247661904183,
          "min": 0.6379048994443991,